"fluorophore","UV1-A","UV2-A","UV3-A","UV4-A","UV5-A","UV6-A","UV7-A","UV8-A","UV9-A","UV10-A","UV11-A","UV12-A","UV13-A","UV14-A","UV15-A","UV16-A","V1-A","V2-A","V3-A","V4-A","V5-A","V6-A","V7-A","V8-A","V9-A","V10-A","V11-A","V12-A","V13-A","V14-A","V15-A","V16-A","B1-A","B2-A","B3-A","B4-A","B5-A","B6-A","B7-A","B8-A","B9-A","B10-A","B11-A","B12-A","B13-A","B14-A","YG1-A","YG2-A","YG3-A","YG4-A","YG5-A","YG6-A","YG7-A","YG8-A","YG9-A","YG10-A","R1-A","R2-A","R3-A","R4-A","R5-A","R6-A","R7-A","R8-A"
"Alexa Fluor 488",0.000207,0.000322,0.00029,0.000145,0.000104,0.000569,0.013328,0.011654,0.005369,0.001093,0.000176,8.23e-05,-9.49e-05,0.000133,-0.00017,0.000144,-0.00011,0.000303,0.000368,3e-04,0.007321,0.012479,0.013106,0.005401,0.002789,0.002034,0.000334,0.000348,1.43e-05,-1.21e-05,0.000113,0.000255,0.823603,1,0.686584,0.175422,0.102567,0.045971,0.014033,0.007907,0.006111,0.002445,0.001596,0.000922,0.000586,0.000887,0.000232,0.000158,0.00023,0.00018,-7.68e-05,6.71e-05,4.84e-05,0.000231,0.000138,7.14e-05,0.000154,0.000178,0.000188,-6.5e-05,-7.88e-05,-0.00022,0.000184,-2e-04
"Alexa Fluor 532",0.000175,0.000229,0.000406,0.000446,0.00057,0.000808,0.003549,0.051737,0.061428,0.017326,0.003912,0.001719,0.00108,0.00083,0.000596,0.000284,0.000134,0.000513,0.000741,0.000877,0.002119,0.003553,0.017672,0.016843,0.010903,0.009519,0.002935,0.00162,0.001052,0.000824,0.000714,0.000369,0.016,0.181,1,0.586221,0.383313,0.226184,0.078677,0.04611,0.034096,0.015865,0.008671,0.006466,0.004005,0.003655,0.090453,0.046785,0.027818,0.009757,0.005648,0.003867,0.00366,0.001547,0.00106,0.00052,1e-04,0.000148,0.000242,0.000128,0.000201,0.000164,6.44e-05,0.000156
"Alexa Fluor 647",-3.17e-05,3.88e-05,3.87e-05,-2.09e-05,4.06e-05,0.000167,0.000258,0.000107,0.00024,0.000108,0.004492,0.003581,0.002214,0.002307,0.001289,0.000583,0.000307,0.00072,0.00087,0.000617,0.000814,0.000679,0.000848,0.00058,0.000547,0.000479,0.008592,0.006518,0.003845,0.003169,0.001734,0.000718,8.76e-05,1.89e-05,0.00015,0.000425,0.00034,0.000266,0.007033,0.009183,0.006546,0.002927,0.00205,0.001597,0.00092,0.000849,0.001844,0.000918,0.00107,0.112874,0.165407,0.101223,0.086195,0.045081,0.023765,0.011868,0.557095,1,0.710707,0.422593,0.353931,0.21902,0.176127,0.084248
"Alexa Fluor 700",0.000559,0.000731,0.000872,0.000849,0.001378,0.00289,0.004312,0.003184,0.003702,0.001308,0.001128,0.006913,0.040162,0.040798,0.022559,0.016194,0.00073,0.002613,0.003585,0.004388,0.006978,0.006193,0.008883,0.006641,0.00514,0.004798,0.004206,0.036538,0.188952,0.14469,0.082598,0.037957,0.00578,0.006514,0.007864,0.0063,0.004997,0.003912,0.002886,0.002891,0.012313,0.029509,0.023389,0.014807,0.009639,0.011295,0.002945,0.002732,0.002392,0.002662,0.007252,0.056324,0.289205,0.135811,0.075093,0.043849,0.004335,0.049181,0.376844,0.998324,1,0.465011,0.432796,0.219059
"APC",1.92e-06,9.13e-05,0.000148,0.000172,0.000191,0.00038,0.000516,0.000324,0.000333,8e-04,0.07885,0.02541,0.019744,0.024075,0.010891,0.008258,5.76e-05,0.000432,0.000691,0.000792,0.001415,0.001111,0.001426,0.000947,0.000686,0.003051,0.241915,0.074583,0.061636,0.055973,0.026341,0.013601,0.000453,0.000468,0.000626,0.000531,0.000392,0.000618,0.032377,0.021105,0.01122,0.007418,0.005989,0.004108,0.00212,0.002591,0.000218,0.000404,0.004438,0.546324,0.392392,0.168943,0.223287,0.123277,0.058033,0.035606,1,0.855335,0.461249,0.367958,0.38267,0.202374,0.154725,0.089377
"APC-R700",5.22e-05,0.000318,0.000156,0.00033,0.000525,0.000845,0.002624,0.001982,0.001815,0.000776,0.002147,0.01262,0.04427,0.040848,0.021382,0.013695,2e-04,0.000761,0.001144,0.001348,0.002462,0.002467,0.00334,0.002462,0.001558,0.001684,0.005463,0.035609,0.117122,0.070271,0.044378,0.019357,0.002405,0.002189,0.002328,0.001213,0.001057,0.000755,0.00133,0.002806,0.019113,0.032298,0.01964,0.012556,0.009341,0.009105,0.000473,0.00027,0.000614,0.008901,0.02455,0.140928,0.485091,0.200037,0.108763,0.056686,0.02172,0.097629,0.54367,1,0.783906,0.396718,0.36471,0.180732
"APC-Fire 750",-3.28e-05,2.28e-05,7.92e-05,-7e-05,3.68e-05,0.000162,0.000202,0.000151,-0.00055,0.000167,0.000794,0.000211,0.000446,0.00917,0.0476,0.0505,9.94e-05,0.000343,0.000284,0.000289,0.000557,0.000526,0.000793,0.000624,0.00045,0.000492,0.002674,0.000976,0.00159,0.0223,0.132,0.091,5.97e-05,9.54e-05,0.000192,0.000127,0.000129,0.000104,0.000574,0.00032,0.000271,0.000207,0.000677,0.00484,0.013519,0.017493,0.000435,0.000113,0.000415,0.00594,0.00378,0.00196,0.00421,0.0324,0.197,0.174,0.0145,0.0115,0.00725,0.00809,0.0374,0.293,1,0.66
"APC-Fire 810",5.06e-05,-5.4e-05,4.08e-05,7.98e-05,-1.76e-05,0.000151,0.000303,0.000299,-5e-04,0.000253,0.003495,0.001153,0.001113,0.001896,0.014982,0.076312,0.000116,0.000276,0.000441,0.00052,0.000717,0.00067,0.001067,0.000915,0.000604,0.001073,0.011521,0.003948,0.003792,0.0051,0.053479,0.187638,0.000159,0.000199,0.000291,0.000321,0.000313,0.000315,0.001761,0.001224,0.000846,0.000664,0.000424,0.00078,0.005256,0.03141,0.000773,0.000376,0.001346,0.026642,0.017609,0.009468,0.012595,0.008533,0.057071,0.26411,0.061003,0.050365,0.032683,0.027194,0.027321,0.042692,0.343604,1
"APC-H7",0.000104,0.000408,0.000548,0.000839,0.00119,0.00152,0.005622,0.004022,0.003692,0.001681,0.000701,0.00057,0.000418,0.006716,0.047715,0.063081,0.000611,0.00246,0.003482,0.004609,0.007748,0.007291,0.01061,0.007539,0.004884,0.004838,0.002589,0.00148,0.00142,0.016756,0.12023,0.102624,0.004867,0.005313,0.006442,0.003554,0.003345,0.002075,0.001489,0.001358,0.000769,0.000906,0.000797,0.003196,0.010883,0.0198,0.001811,0.000754,0.000862,0.003089,0.002004,0.001353,0.002393,0.018744,0.159461,0.184424,0.007505,0.0061,0.003811,0.01448,0.027389,0.237589,1,0.745035
"APC-Cy7",7.09e-05,0.000175,0.000275,0.000656,0.000804,0.001001,0.003364,0.002461,0.002378,0.000829,0.00115,0.000561,0.000659,0.010076,0.052358,0.049387,0.000526,0.001253,0.002373,0.002517,0.004193,0.004336,0.005464,0.003837,0.002562,0.00238,0.003681,0.001729,0.00232,0.024388,0.1252,0.076963,0.003123,0.00285,0.003352,0.002069,0.001956,0.00133,0.00114,0.000871,0.000635,2e-04,0.000888,0.005071,0.011808,0.015823,0.001329,0.00046,0.000633,0.00737,0.00498,0.00256,0.005034,0.032,0.185852,0.15,0.0167,0.0146,0.009445,0.017649,0.047548,0.319014,1,0.575093
"BB515",-6.89e-06,-6.46e-06,-2.97e-07,2.78e-06,6.74e-06,6.2e-05,0.015155,0.008592,0.003404,0.000711,0.000108,5.8e-05,3.21e-05,2.23e-05,1.77e-05,1.19e-05,-1.81e-06,3.57e-05,6.02e-05,7.79e-05,0.00632,0.007612,0.006514,0.002084,0.001036,0.000728,0.000128,6.21e-05,3.46e-05,2.14e-05,5.35e-06,1.42e-05,1,0.747367,0.406954,0.09493,0.047901,0.024356,0.006879,0.003981,0.002964,0.001329,0.000673,0.000509,0.000313,0.000314,2.12e-05,2.44e-05,2.71e-06,6.92e-06,1.39e-06,7.99e-06,7.97e-06,1.56e-05,-3.61e-06,1.32e-05,-2.59e-06,1.2e-05,1.19e-05,-1.3e-05,1.13e-05,-6.7e-06,-7.79e-06,2.01e-06
"BB630",0.000165,0.000132,0.000313,5.67e-06,0.000328,0.000288,0.001684,0.002323,0.020764,0.086286,0.031221,0.013404,0.008038,0.007285,0.00379,0.002577,4.74e-05,0.000211,9.67e-05,0.000369,0.00202,0.00477,0.014867,0.069475,0.282623,0.795838,0.238244,0.100752,0.059996,0.039172,0.025952,0.011038,0.00506,0.011954,0.029041,0.095669,0.421496,1,0.440414,0.303234,0.222946,0.095814,0.05796,0.044839,0.030603,0.029801,0.038824,0.18871,0.418956,0.172675,0.113352,0.067437,0.060306,0.024936,0.013358,0.006314,0.002347,0.002231,0.001738,0.00098,0.000438,0.000302,0.000371,0.000367
"BB660",0.00075,-0.00037,0.001763,0.001711,0.002774,0.005776,0.008158,0.006811,0.009188,0.006766,0.07073,0.028864,0.020924,0.019444,0.01029,0.007529,0.001455,0.003662,0.005394,0.004609,0.008407,0.010079,0.020354,0.034468,0.033027,0.05473,0.648158,0.245604,0.188703,0.129885,0.073167,0.034736,0.008696,0.014931,0.02929,0.038775,0.040516,0.056107,1,0.661,0.451136,0.27201,0.163745,0.113075,0.072633,0.077224,0.001928,0.001476,0.004446,0.143325,0.099464,0.054663,0.06336,0.026024,0.01571,0.00823,0.503085,0.480228,0.31509,0.237251,0.177997,0.09238,0.083379,0.041138
"BB700",2.67e-05,6.69e-06,-2.3e-05,-3.31e-05,-6.05e-05,-6.36e-05,0.000443,0.001909,0.004396,0.003202,0.01541,0.055627,0.051625,0.0467,0.037145,0.02221,-1.71e-05,-7.19e-05,-0.00013,-0.00013,0.001264,0.004377,0.015042,0.03202,0.029295,0.038315,0.124603,0.45816,0.407618,0.269323,0.230546,0.090691,0.006206,0.0134,0.0277,0.037089,0.038465,0.0375,0.115733,0.425417,1,0.559819,0.286858,0.282634,0.219429,0.195474,0.00019,0.000165,0.000166,0.00923,0.047457,0.11606,0.122254,0.046542,0.040634,0.019055,0.028411,0.196237,0.434612,0.303388,0.185193,0.14606,0.154059,0.06682
"BB755",-0.00051,0.000225,0.00027,-1.7e-05,0.000105,0.000514,0.004326,0.005037,0.011674,0.007036,0.004636,0.003626,0.021214,0.142572,0.131032,0.08386,0.00072,0.000255,0.000418,0.001017,0.00563,0.012524,0.03645,0.070139,0.064043,0.083445,0.054573,0.037777,0.173348,0.689024,0.680321,0.292791,0.012592,0.028905,0.061919,0.082177,0.090241,0.084104,0.078868,0.061394,0.079264,0.211653,0.612436,1,0.755754,0.749224,0.000879,0.000662,0.000517,0.000126,0.000942,0.00068,0.013494,0.049647,0.053794,0.027564,0.000398,0.000355,0.002206,0.023168,0.106487,0.155471,0.145487,0.074419
"BB790",9.28e-05,9.68e-05,7.92e-05,0.000283,0.000118,0.000459,0.007627,0.037936,0.090026,0.055378,0.034752,0.021003,0.028464,0.148683,0.254437,0.24726,0.000146,0.000153,0.000334,0.00038,0.016413,0.072908,0.141249,0.18263,0.175588,0.184877,0.146045,0.114118,0.130117,0.322423,0.796962,0.588652,0.0798,0.141,0.201,0.211,0.213088,0.202,0.191,0.177,0.17873,0.177,0.225,0.555572,0.876,1,0.00984,0.00701,0.00732,0.00701,0.005738,0.005345,0.0119,0.0724,0.166,0.159,0.00314,0.00728,0.00802,0.0191,0.0751,0.17,0.237821,0.193854
"BYG584",2.76e-05,-3e-06,3.11e-05,3.87e-05,4.04e-05,4.46e-05,0.000161,0.000203,0.014797,0.005716,0.001863,0.000673,0.000504,0.000413,0.000205,0.00011,3.71e-07,6.43e-05,9.47e-05,0.000115,0.000215,0.000255,0.000959,0.079331,0.062373,0.04547,0.01524,0.005682,0.003762,0.002081,0.001343,0.000566,0.000216,0.000218,0.001233,0.082622,0.07972,0.038047,0.020261,0.011039,0.008744,0.004193,0.002214,0.001525,0.00109,0.001039,1,0.748899,0.416659,0.239,0.139,0.094,0.098104,0.035,0.02,0.00995,9.97e-05,7.92e-05,6.24e-05,4.8e-05,0.000142,1.82e-05,4.61e-05,-6.19e-05
"BUV395",0.241268,1,0.498051,0.362309,0.335628,0.3306,0.185694,0.056832,0.025819,0.01029,0.001193,0.000691,0.000582,0.000335,0.000236,0.000406,0.004003,0.006212,0.004758,0.002654,0.001508,0.001324,0.001479,0.001256,0.00082,0.000677,0.000288,0.000129,-7.24e-06,0.000143,-0.00013,0.000176,0.00035,-2.34e-05,0.000368,0.000274,0.00037,1.16e-05,0.00031,0.000163,-1.93e-05,-0.00032,-0.00031,-0.00011,0.000117,-0.00014,0.000364,-6.7e-06,0.000187,2.07e-05,6.75e-05,6.86e-06,-0.00016,-8.07e-05,-3e-04,8.11e-05,-7.81e-05,7.37e-05,0.000311,0.000307,0.00026,0.00046,0.00012,-0.00014
"BUV563",0.00604,0.0271,0.022828,0.018905,0.018982,0.020717,0.016599,0.346257,1,0.25526,0.054278,0.022709,0.012676,0.01005,0.006261,0.003662,0.000731,0.000983,0.000791,0.000481,2.39e-05,0.000675,0.02209,0.071968,0.036471,0.031814,0.007062,0.002759,0.001636,0.000894,0.000712,0.000197,0.000277,0.00498,0.102469,0.183065,0.100035,0.063924,0.021206,0.01272,0.010007,0.004389,0.002171,0.001646,0.00124,0.001095,0.435022,0.183594,0.111792,0.038074,0.021416,0.014513,0.012355,0.00426,0.002844,0.001443,2.08e-05,-1.25e-05,1.55e-05,-4.93e-05,1.62e-05,-5.69e-05,-3.11e-05,-7.87e-05
"BUV615",0.006988,0.030366,0.026327,0.021973,0.02276,0.025257,0.017545,0.009029,0.154196,1,0.391935,0.211482,0.116264,0.104214,0.065677,0.036729,0.000713,0.001177,0.000556,5.04e-05,-0.00062,-0.00075,-0.00065,0.014084,0.094072,0.289486,0.092047,0.047222,0.027209,0.018639,0.012088,0.004507,8.04e-06,-0.00017,0.000443,0.004127,0.028811,0.061714,0.028748,0.021931,0.018347,0.008019,0.004198,0.003544,0.002469,0.002085,0.054257,0.359858,0.787548,0.363071,0.271378,0.197305,0.165851,0.067583,0.04455,0.020755,0.005531,0.006574,0.005756,0.003562,0.002136,0.001406,0.001355,0.000559
"BUV661",0.00583,0.0263,0.023257,0.019384,0.020007,0.02242,0.016494,0.006561,0.00397,0.047946,1,0.454376,0.33508,0.28265,0.154766,0.10146,0.000699,0.001209,0.00119,0.000772,0.000875,0.000707,0.000867,0.000943,0.001215,0.010112,0.221909,0.096846,0.075053,0.048398,0.027504,0.012317,0.000533,0.000547,0.000507,0.000389,0.000472,0.00182,0.03998,0.028122,0.021661,0.012908,0.007317,0.005113,0.003284,0.003319,0.000394,0.001536,0.014727,0.394104,0.281817,0.183079,0.206781,0.080192,0.045616,0.024615,0.628652,0.650582,0.497625,0.362622,0.258733,0.140197,0.123321,0.060698
"BUV737",0.00601,0.026327,0.023013,0.019379,0.019894,0.022639,0.015986,0.00569,0.002016,0.001012,0.002112,0.030746,0.401654,1,0.509853,0.427812,0.000459,0.000958,0.000743,0.000516,0.00041,0.000298,0.000344,0.000373,0.000242,0.000249,0.000479,0.00739,0.107603,0.209862,0.113023,0.064196,0.000211,4.28e-05,9.45e-05,0.000143,0.000124,8.75e-06,0.000242,0.00128,0.01486,0.108119,0.189963,0.153318,0.088016,0.115798,0.000216,0.000129,5.15e-05,7.24e-05,0.000458,0.003295,0.040132,0.045014,0.024359,0.016731,0.000555,0.00506,0.039621,0.198017,0.473729,0.306876,0.25099,0.159526
"BUV805",0.0101,0.0483,0.042713,0.035854,0.036555,0.040856,0.029438,0.0116,0.009448,0.003773,0.001446,0.000909,0.001778,0.022719,0.345079,1,0.002177,0.005758,0.007764,0.007856,0.010851,0.009954,0.013852,0.011038,0.008341,0.008698,0.004329,0.002277,0.002104,0.00379,0.038833,0.077113,0.00229,0.00318,0.005357,0.004684,0.004547,0.00392,0.002795,0.00211,0.001947,0.001294,0.000976,0.001618,0.006923,0.021833,0.002214,0.00228,0.00239,0.00241,0.001855,0.00156,0.002048,0.001692,0.009063,0.022706,0.000414,0.000711,0.001028,0.001326,0.002405,0.011799,0.100958,0.167117
"BV421",-5.49e-05,5.08e-05,0.12594,0.0729,0.102959,0.087309,0.058412,0.019783,0.008228,0.002926,0.000444,0.000266,0.000195,0.000355,0.000153,0.00011,0.95,0.960125,1,0.41,0.19078,0.116061,0.08627,0.025708,0.012755,0.009676,0.00254,0.001132,0.001025,0.000836,0.000831,0.000439,-3.3e-05,2.34e-05,-4.61e-05,-6.12e-05,0.000172,-2.71e-05,-8.77e-06,-6.68e-05,-0.00012,-2.31e-05,-5.37e-05,-0.00015,6.47e-05,-0.00014,-8.15e-05,1.42e-05,5.18e-05,-5.52e-05,0.000234,-2e-04,6.56e-05,5.53e-05,3e-05,6.56e-06,5.43e-05,-5.65e-05,5.5e-05,-2.29e-06,-3.48e-05,-2.73e-05,-0.00014,-0.00011
"BV480",7.95e-06,-9.86e-06,8.46e-05,0.000878,0.01398,0.137039,0.271213,0.133673,0.073562,0.020566,0.004816,0.001973,0.001252,0.001095,0.000757,0.000392,0.000697,0.014559,0.232112,0.972482,1,0.817146,0.756061,0.323106,0.182268,0.153292,0.036876,0.01434,0.009213,0.006356,0.003996,0.001753,0.059685,0.039549,0.024913,0.008634,0.005362,0.003342,0.001399,0.000964,0.000827,0.000328,0.000178,0.000256,3.6e-05,0.000132,0.000128,0.000201,0.000112,-2.19e-05,-1.64e-05,5.5e-05,0.000137,-8.33e-06,1.27e-05,4.7e-05,5.16e-05,2.87e-05,0.000137,1.1e-05,6.62e-05,7.39e-05,8.94e-05,3.78e-05
"BV510",0.000288,8.18e-05,0.000446,0.002782,0.016219,0.090034,0.50611,0.43665,0.377116,0.13662,0.049739,0.024787,0.018549,0.017763,0.011845,0.007936,0.001634,0.020105,0.106024,0.272903,0.689632,0.705984,1,0.69363,0.461302,0.442694,0.157611,0.074818,0.057386,0.04054,0.030439,0.013422,0.003131,0.003078,0.00412,0.002863,0.002324,0.001838,0.001381,0.000823,0.000786,0.000474,0.000322,0.000312,0.000154,0.000209,0.000725,0.000616,0.000705,0.000609,0.000522,0.000259,0.000591,0.000417,8.49e-05,8.71e-05,0.000467,0.000198,0.000217,0.000232,0.000242,7.08e-05,0.00023,0.000172
"BV570",2.01e-05,0.000116,0.004988,0.003809,0.003951,0.003796,0.005781,0.010762,0.234322,0.081318,0.025401,0.01218,0.007313,0.006866,0.003495,0.002979,0.092938,0.097918,0.090191,0.039787,0.018068,0.012817,0.046992,1,0.510168,0.549123,0.163218,0.075229,0.045183,0.028643,0.019365,0.008042,0.001687,0.002455,0.007989,0.105455,0.068404,0.047637,0.021044,0.013959,0.011627,0.005117,0.002394,0.002098,0.001471,0.001392,0.488956,0.234,0.18,0.0783,0.0504,0.0355,0.032141,0.013393,0.008772,0.004,0.000707,0.000281,0.000398,0.000297,0.000163,7.21e-06,-0.00012,-0.00013
"BV605",4.26e-05,7.59e-05,0.002317,0.001455,0.001934,0.00181,0.001355,0.000778,0.068896,0.210839,0.104848,0.043,0.032662,0.0306,0.018531,0.0129,0.040197,0.045377,0.043639,0.018793,0.009079,0.005589,0.00483,0.160716,0.705818,1,0.452174,0.176991,0.140097,0.099358,0.062677,0.030199,6.78e-05,2.11e-05,0.000213,0.007275,0.042756,0.043986,0.031911,0.0198,0.0151,0.00899,0.00548,0.00422,0.00276,0.00308,0.0571,0.327,0.344,0.235,0.145,0.0923,0.107,0.045961,0.0288,0.0168,0.00108,0.000991,0.000821,0.000581,0.000464,0.000229,0.000317,0.000128
"BV650",0.000117,0.00123,0.00918,0.00735,0.00793,0.00819,0.005577,0.002091,0.001636,0.037334,0.182629,0.085058,0.05943,0.0482,0.028379,0.017858,0.099,0.135375,0.115,0.054407,0.025641,0.01508,0.012496,0.007905,0.023748,0.246717,1,0.440878,0.32253,0.198628,0.122468,0.052943,5.37e-05,6.42e-05,0.000215,0.000323,0.000683,0.002745,0.013733,0.008548,0.007566,0.004079,0.002209,0.001589,0.00108,0.001139,0.000701,0.003986,0.032239,0.212061,0.133321,0.097841,0.10172,0.03868,0.024057,0.012857,0.124,0.125,0.107,0.073,0.0483,0.0279,0.0252,0.012
"BV711",7.36e-05,6.85e-05,0.00337,0.00217,0.00285,0.00254,0.00176,0.000703,6.01e-05,0.000208,0.004024,0.055736,0.17181,0.147982,0.109749,0.076732,0.0635,0.07,0.068176,0.029094,0.013794,0.008586,0.006769,0.002885,0.001689,0.001751,0.023287,0.340505,1,0.640826,0.500653,0.235087,7.96e-05,1.72e-05,9.17e-05,0.000109,0.000124,8.99e-05,0.000508,0.004447,0.035028,0.062894,0.036601,0.026662,0.022472,0.023179,6.44e-05,0.000116,0.000102,0.000833,0.005745,0.041775,0.129464,0.050584,0.038878,0.022739,0.002668,0.030178,0.186411,0.320511,0.237852,0.139668,0.162726,0.081319
"BV750",-3.49e-05,0.000181,0.00233,0.001459,0.00195,0.00186,0.00147,0.000616,-0.00013,0.000186,1e-04,0.00089,0.025255,0.212582,0.18023,0.110626,0.0381,0.043245,0.041666,0.01814,0.008914,0.005697,0.00485,0.002512,0.001574,0.001482,0.000905,0.006657,0.173634,1,0.909732,0.38291,0.000113,0.000195,0.000323,0.000174,0.000231,0.000199,9.34e-05,8.04e-05,0.000676,0.006688,0.02707,0.050663,0.033181,0.032769,0.000154,0.000103,0.000195,6.49e-05,0.000135,0.000277,0.005237,0.019131,0.018365,0.009074,4.2e-05,8.19e-05,0.001249,0.010992,0.062163,0.101181,0.09016,0.042854
"BV785",3.54e-05,4.46e-05,0.00221,0.00148,0.0018,0.00168,0.001188,0.000446,-0.00013,0.000174,0.000101,0.000127,0.001489,0.041908,0.160822,0.145709,0.0419,0.047,0.0455,0.0197,0.00946,0.00592,0.005029,0.00285,0.002076,0.002055,0.001712,0.001716,0.013005,0.235001,1,0.608362,3.38e-05,7.88e-05,0.000129,0.000132,0.000151,7.55e-05,0.000112,6.12e-05,0.000108,0.000211,0.00152,0.009475,0.022029,0.026493,0.000119,6.35e-05,8.64e-05,8.4e-05,0.000135,0.000102,0.000564,0.004828,0.022414,0.020124,0.000183,0.000368,0.000375,0.000824,0.006798,0.0385,0.104,0.0623
"BV786",4.11e-06,0.000125,0.00222,0.00149,0.00156,0.001732,0.001979,0.001044,0.000916,0.000297,0.000183,0.00013,0.001684,0.038772,0.149526,0.127116,0.0479,0.049375,0.046184,0.019786,0.009232,0.005836,0.0051,0.002831,0.001537,0.001575,0.001131,0.001381,0.014408,0.256472,1,0.546631,0.000483,0.000503,0.00043,0.000338,0.000569,0.000187,7.07e-05,0.000122,4.65e-05,0.000328,0.001349,0.008417,0.017706,0.021039,0.000197,5.49e-05,3.16e-05,7.09e-05,0.00022,6.62e-05,0.000459,0.004436,0.021379,0.017618,0.000143,0.000109,0.000248,0.001284,0.006644,0.034145,0.086513,0.047462
"BYG750",3.87e-05,0.000157,0.000171,7.36e-05,0.000126,0.000275,3e-04,0.000407,0.001526,0.000483,0.000146,0.000282,0.006353,0.043309,0.032145,0.018131,3.05e-05,0.000149,0.000155,-3.99e-05,0.000165,0.000379,0.000899,0.004056,0.001939,0.002026,0.000809,0.001789,0.031657,0.151061,0.120259,0.045088,0.001925,0.001462,0.003338,0.017682,0.008945,0.00552,0.003341,0.003097,0.012348,0.105399,0.372625,0.609539,0.348528,0.338964,0.033057,0.012532,0.007464,0.004443,0.003711,0.015848,0.340701,1,0.801677,0.373421,0.000169,4e-04,0.002674,0.018765,0.09086,0.120192,0.094709,0.042639
"eFluor 450",0.000199,0.004,0.0106,0.0221,0.0324,0.042445,0.04795,0.032013,0.028262,0.012082,0.008536,0.004841,0.007398,0.012162,0.009487,0.005833,0.187,0.864773,1,0.580719,0.299666,0.177273,0.152483,0.061944,0.045035,0.036146,0.018242,0.01303,0.014263,0.015089,0.013776,0.010525,0.020105,0.020854,0.026639,0.024386,0.022938,0.019052,0.017597,0.011542,0.014403,0.010667,0.007877,0.008211,0.005874,0.008868,0.008515,0.009542,0.010343,0.014956,0.008616,0.010315,0.016595,0.011229,0.009265,0.009267,0.006183,0.006717,0.008507,0.006353,0.00957,0.007771,0.004133,0.006898
"GFP",0.00206,0.000212,0.00397,0.00553,0.00521,0.00769,0.020032,0.014002,0.020553,0.00408,0.000407,-0.00031,-0.00056,0.001261,0.001805,0.001498,0.00175,0.005458,0.00521,0.006571,0.071854,0.065533,0.069009,0.036914,0.029029,0.023912,0.011479,0.005723,0.005063,0.003922,0.003901,0.000439,1,0.581165,0.335757,0.08831,0.057596,0.032983,0.016052,0.010856,0.007242,0.005794,0.004161,0.002878,-0.00025,0.002409,0.006762,0.00542,0.005566,0.005924,0.00365,0.00352,0.003862,0.002753,0.002379,0.003079,0.00154,0.001357,0.000584,-0.00228,0.00089,0.000337,0.000635,0.001577
"KIRAVIA Blue 520",0.000167,0.000174,0.000193,0.000411,0.000709,0.00149,0.011934,0.010934,0.007322,0.001972,0.000652,0.000374,0.000142,0.000543,0.000585,0.000181,0.000133,0.000772,0.000919,0.001101,0.02117,0.041222,0.047523,0.021322,0.012144,0.00975,0.003691,0.002105,0.001866,0.001619,0.001672,0.001092,0.840369,1,0.693516,0.202844,0.111547,0.05935,0.020503,0.01165,0.009048,0.004443,0.002427,0.00204,0.001397,0.001354,0.000165,8.95e-05,-5.83e-05,9.4e-05,5.03e-05,-7.11e-05,0.000395,0.00021,0.000183,0.000131,0.000141,7.85e-05,-4.7e-05,0.00024,2.38e-05,0.000139,0.000213,0.000143
"Pacific Blue",-7.92e-06,-4.09e-06,0.00223,0.0112,0.025527,0.036671,0.029049,0.0101,0.003286,0.0012,0.000137,3.4e-05,0.000184,7.45e-05,0.00011,5.57e-05,0.0775,0.584341,1,0.674323,0.375879,0.209378,0.174215,0.052169,0.027542,0.020155,0.004794,0.001761,0.001334,0.00088,0.00054,0.000325,0.000246,0.000194,0.000299,0.000363,0.000183,0.000388,0.000103,1.3e-05,1.19e-05,-5.71e-06,-1.56e-05,7.18e-06,-5.28e-05,3.7e-05,9.36e-05,-1.4e-05,4.97e-05,-2.59e-05,8.42e-05,-6.86e-05,-5.54e-05,-0.00013,-2.34e-05,2.41e-05,1.93e-05,-1e-04,6.35e-05,4.5e-05,8.94e-05,-1.81e-05,3.83e-05,-0.00016
"PE",1.63e-05,2.22e-05,1.45e-05,-1.1e-05,1.04e-05,5.73e-05,0.000114,0.001564,0.052314,0.013042,0.002992,0.001345,0.000798,0.000585,0.00037,0.000206,3.16e-05,0.000119,8.31e-05,0.000137,0.000207,0.000236,0.00286,0.196376,0.0782,0.063614,0.014624,0.005957,0.003631,0.00203,0.001351,0.00051,0.001127,0.000946,0.012891,0.470853,0.217161,0.126725,0.044645,0.026905,0.023484,0.010771,0.004982,0.003848,0.002674,0.002387,1,0.380568,0.210157,0.075518,0.042321,0.030982,0.026944,0.008912,0.005928,0.002911,2.33e-05,-5.46e-06,5.96e-05,1.6e-05,2.4e-05,2.5e-06,1.97e-06,1.01e-05
"PE-Cy5",-1.81e-05,-2.1e-05,-1.63e-07,-1.02e-05,2.12e-05,4.36e-05,8.33e-05,9.79e-05,0.000795,0.000349,0.029751,0.019171,0.011759,0.012403,0.00659,0.00416,3.74e-05,9.41e-05,0.000111,0.000118,0.000182,0.000179,0.000378,0.003496,0.001619,0.001738,0.132402,0.083138,0.05126,0.041649,0.022291,0.009692,0.001059,0.000531,0.001742,0.017244,0.00833,0.006602,0.525783,0.638495,0.451401,0.217727,0.153545,0.114959,0.065573,0.066318,0.031624,0.012213,0.009046,0.764063,1,0.58588,0.550729,0.274304,0.14523,0.07582,0.159045,0.255687,0.170797,0.10632,0.091799,0.054314,0.043693,0.021437
"PE-CF594",-5.12e-06,-5.06e-05,-5.46e-06,-4.73e-05,4.3e-05,0.000163,0.000625,0.000356,0.007717,0.035095,0.012823,0.008023,0.004573,0.004004,0.002615,0.001389,3.99e-05,7.84e-05,3.74e-05,0.000105,0.000305,0.000395,0.000741,0.013312,0.047091,0.166899,0.049751,0.030145,0.016074,0.010434,0.007789,0.002709,0.00148,0.001004,0.003218,0.061741,0.196072,0.583358,0.240626,0.202926,0.194035,0.071901,0.04017,0.036891,0.02666,0.021152,0.128796,0.382299,1,0.415647,0.339063,0.270525,0.222751,0.089802,0.063195,0.026157,0.001338,0.001784,0.001486,0.000808,0.000466,0.000549,0.000413,0.000186
"PE-Dazzle 594",-0.00018,4.72e-06,7.35e-05,-0.00013,9.45e-06,-2.16e-05,-4.07e-05,0.000144,0.006562,0.033771,0.011905,0.006652,0.00375,0.003278,0.001919,0.001187,-9.47e-06,-0.00012,-0.00012,-0.00036,-0.00034,-0.00035,3.93e-05,0.017391,0.050261,0.18108,0.050666,0.027361,0.015684,0.010152,0.007043,0.002337,0.002389,0.001429,0.004445,0.073201,0.214243,0.552271,0.218106,0.174049,0.148793,0.063576,0.034582,0.030209,0.019501,0.016493,0.158746,0.388395,1,0.383995,0.288813,0.216099,0.184681,0.073523,0.050863,0.021433,0.00123,0.00139,0.00125,0.000925,0.000514,0.000332,0.000387,0.000146
"PE-eFluor 610",-5.55e-06,-2.47e-05,1.13e-06,-5.82e-05,-3.9e-07,2.1e-05,0.000106,0.000271,0.012358,0.035235,0.010929,0.004204,0.002418,0.00201,0.001123,0.000654,1.62e-05,3.37e-05,4.05e-05,5.76e-05,2.19e-05,7.52e-05,0.000576,0.036974,0.095333,0.196496,0.050444,0.018082,0.010547,0.006783,0.003799,0.001562,0.001477,0.000765,0.004112,0.127805,0.371079,0.561915,0.221143,0.137746,0.095566,0.04427,0.024444,0.017699,0.010815,0.010235,0.270339,0.663825,1,0.385586,0.235167,0.133342,0.119905,0.045733,0.025842,0.01304,0.000461,0.000423,0.000349,0.000215,0.000178,5.91e-05,5.98e-05,2.39e-05
"PE-Fire 640",-2.15e-05,-1.89e-05,3.83e-05,-1.66e-05,6.85e-05,0.000139,0.000205,0.000322,0.001375,0.006397,0.031368,0.013406,0.012866,0.010777,0.00678,0.004798,9.35e-05,0.000196,0.000326,0.000331,0.000447,0.000445,0.000975,0.006435,0.003999,0.032423,0.147857,0.059872,0.059177,0.037628,0.023846,0.011968,0.002806,0.001464,0.003935,0.031875,0.018732,0.103173,0.605588,0.34471,0.316892,0.222694,0.126019,0.089931,0.063125,0.069932,0.0627,0.0292,0.14,1,0.547469,0.415879,0.56465,0.217138,0.136804,0.083269,0.119895,0.109247,0.099123,0.085095,0.061164,0.034107,0.033194,0.017924
"PE-Fire 700",-6.68e-06,-2.5e-05,6.51e-06,-3.36e-07,-1.06e-05,8.72e-06,6.61e-05,7.9e-05,0.001015,0.000279,0.001706,0.016517,0.023827,0.019178,0.016387,0.010507,1.98e-05,-1.07e-05,2.1e-05,1.06e-05,3.32e-05,2e-05,0.000186,0.003906,0.001733,0.001379,0.006442,0.071223,0.100773,0.05797,0.053224,0.022692,0.000861,0.00047,0.001612,0.019591,0.009301,0.005622,0.014118,0.105815,0.499805,0.405334,0.190467,0.170097,0.152162,0.141243,0.037686,0.014323,0.008239,0.01821,0.14,0.676238,1,0.32618,0.306594,0.159347,0.003,0.040448,0.16859,0.159417,0.091655,0.06546,0.078862,0.036098
"PE-Fire 744",4.32e-05,-1.95e-05,1.38e-05,1.07e-05,2.78e-05,0.000115,0.000158,0.00023,0.000859,0.00034,0.000126,0.000321,0.006412,0.045092,0.033103,0.01987,7.45e-05,0.000142,0.000215,0.000186,0.000368,0.000323,0.000674,0.003647,0.001838,0.001596,0.000738,0.001649,0.032719,0.162564,0.125652,0.051784,0.001617,0.000907,0.002687,0.01706,0.008476,0.005493,0.003676,0.003115,0.013077,0.11044,0.380432,0.618869,0.357898,0.359977,0.031735,0.011992,0.007352,0.00519,0.004148,0.0165,0.34052,1,0.800524,0.394316,0.000314,0.000476,0.002646,0.018654,0.091936,0.127783,0.101499,0.049301
"PE-Fire 810",1.89e-05,-2.73e-08,-5.13e-06,4.19e-06,8.61e-05,8.27e-05,0.000202,0.000553,0.008441,0.002547,0.000709,0.000437,0.000394,0.000915,0.011321,0.049443,8.43e-05,0.000167,0.000189,0.000245,0.000353,0.00034,0.001238,0.033642,0.014894,0.012841,0.003626,0.002085,0.001846,0.003179,0.047804,0.143561,0.00277,0.00148,0.00741,0.152003,0.074763,0.046707,0.019057,0.012716,0.014761,0.008738,0.005659,0.022063,0.182254,0.924933,0.298481,0.119768,0.07201,0.029552,0.018521,0.018599,0.020846,0.017782,0.247333,1,8.28e-05,0.000285,0.000874,0.000704,0.000566,0.002009,0.01775,0.043445
"PerCP",0.000402,0.00143,0.0021,0.00265,0.00369,0.00523,0.008762,0.005303,0.006726,0.002923,0.261564,0.341836,0.105115,0.194167,0.063641,0.041747,0.0013,0.00592,0.008886,0.010342,0.016438,0.015223,0.02139,0.017474,0.012995,0.014078,0.343921,0.471641,0.162235,0.224437,0.080829,0.039555,0.004001,0.004953,0.007355,0.006206,0.006441,0.005786,0.136176,1,0.443133,0.162493,0.188716,0.148962,0.055984,0.07268,0.002936,0.003307,0.00342,0.095266,0.90497,0.356147,0.273919,0.233463,0.08211,0.043562,0.031038,0.294448,0.107158,0.053483,0.075607,0.0473,0.02322,0.0133
"PerCP-Cy5.5",0.000953,0.000966,0.001774,0.000851,0.000379,0.000455,0.006977,0.003861,0.007008,0.001678,0.069509,0.180551,0.144318,0.142461,0.096332,0.052995,0.000467,0.00114,0.002005,0.001085,0.004644,0.006701,0.007874,0.005067,0.00273,0.002023,0.155301,0.505024,0.46112,0.301077,0.25526,0.0992,0.003795,0.003343,0.004005,0.00332,0.002427,0.001825,0.05101,0.490395,1,0.578106,0.329935,0.306,0.245058,0.223461,0.001402,0.001349,-0.00011,0.040681,0.410213,0.596393,0.689182,0.284167,0.224,0.0989,0.018867,0.228746,0.408,0.29705,0.182496,0.142015,0.146278,0.06491
"PerCP Fire 806",-1.96e-05,5.6e-05,3.4e-05,-1e-05,0.000138,0.000159,0.000297,8.06e-05,-0.00046,5.23e-05,0.002472,0.003371,0.00138,0.00305,0.017767,0.074685,9.66e-05,0.000195,0.000264,0.000218,0.000317,0.000353,0.000604,0.000585,0.00037,0.000486,0.010455,0.015497,0.006727,0.014487,0.159611,0.466433,4.92e-05,0.000119,0.000262,0.000242,0.000257,0.000177,0.004953,0.03768,0.018825,0.008366,0.009347,0.026217,0.200243,1,0.000582,0.000176,0.000287,0.001687,0.016265,0.007701,0.006911,0.007436,0.058997,0.231018,0.000503,0.004398,0.002775,0.001965,0.001917,0.004647,0.037527,0.089523
"PerCP-eFluor 710",0.000433,0.000374,0.000105,0.000537,0.000297,0.000655,0.001114,0.000778,0.001352,0.000546,0.007919,0.040348,0.121356,0.093187,0.067955,0.049458,-2.78e-05,0.000448,0.000938,0.000577,0.00128,0.001736,0.001754,0.002272,0.001262,0.002148,0.031019,0.250566,0.783921,0.44171,0.344576,0.171684,0.001758,0.001377,0.001809,0.001993,0.001643,0.001219,0.017212,0.107378,0.552939,1,0.561885,0.378067,0.33824,0.372672,0.000918,0.000989,0.000766,0.006529,0.049943,0.240696,0.8516,0.299427,0.21751,0.141712,0.00372,0.044562,0.241566,0.459587,0.316523,0.162196,0.201255,0.105995
"PE-Vio770",-6.49e-05,-7.61e-06,-5.74e-05,-2.71e-05,-1.21e-05,-7.51e-05,-0.00011,0.000204,0.002591,0.000832,0.000357,0.000203,0.000275,0.009038,0.042451,0.032294,-4.27e-05,-0.00012,-0.00022,-0.00017,-0.00027,-0.00016,0.000196,0.006795,0.003296,0.002876,0.00123,0.000675,0.001386,0.02634,0.144159,0.072335,0.0015,0.000786,0.003335,0.0284,0.014277,0.008907,0.004491,0.003478,0.00309,0.00422,0.025655,0.209672,0.535769,0.546793,0.056016,0.022012,0.013198,0.006392,0.004614,0.003831,0.014046,0.176495,1,0.673228,0.000146,0.000332,0.000302,0.000372,0.00296,0.023427,0.073606,0.03627
"R718",-7.01e-05,1.19e-05,1.18e-05,2.24e-06,0.000107,0.000223,0.000354,0.000122,-0.00034,0.000198,0.000339,0.007945,0.042662,0.046305,0.033603,0.032786,0.00019,0.000344,0.000272,0.000568,0.000593,0.000519,0.000918,0.000771,0.00054,0.000594,0.000883,0.01437,0.073469,0.058317,0.042972,0.029322,7.89e-05,0.000307,0.00023,0.000374,0.000264,0.000335,0.000267,0.000484,0.002597,0.006525,0.004558,0.003176,0.002719,0.004131,0.000327,0.000382,0.001285,0.001164,0.003599,0.031357,0.156056,0.074622,0.054088,0.044934,0.00327,0.042501,0.384035,1,0.987948,0.537468,0.654673,0.456206
"RB545",-1.5e-05,-7.12e-05,-0.00014,-2e-04,-0.00015,-0.00022,0.002441,0.034199,0.026617,0.007639,0.001789,0.000689,0.000458,0.000391,0.000227,0.000162,-0.00015,-0.00028,-0.00054,-6e-04,0.000268,0.015059,0.114344,0.067912,0.041891,0.032874,0.008085,0.002979,0.001858,0.001195,0.000726,0.000382,0.026884,0.255,1,0.39967,0.268725,0.153179,0.059489,0.035219,0.027397,0.013358,0.00717,0.00556,0.003659,0.00372,0.014845,0.008803,0.005479,0.002277,0.001429,0.000976,0.000803,0.000379,0.000201,0.000166,1.29e-05,-2.17e-05,2.17e-05,6.09e-05,-1.6e-05,6.61e-06,-4.09e-05,-9.06e-05
"RB613",-3.4e-05,4.02e-05,-1.16e-05,2.23e-05,-2.93e-05,-3.8e-05,0.000337,0.000331,0.003805,0.045327,0.017064,0.007584,0.003991,0.003401,0.001922,0.001003,8.41e-05,3.01e-05,1.38e-05,7.75e-05,0.000387,0.000507,0.000731,0.006907,0.051774,0.207046,0.058938,0.024201,0.013168,0.008765,0.00485,0.001925,0.012076,0.009568,0.007213,0.034635,0.333372,1,0.413305,0.290503,0.208826,0.089799,0.050166,0.037802,0.0225,0.0209,0.00853,0.072615,0.210021,0.087239,0.0596,0.0352,0.0293,0.0118,0.00666,0.00325,0.00181,0.00215,0.00167,0.000949,0.000569,0.000354,0.000251,0.000122
"RB670",-3.08e-06,1e-04,7.93e-05,0.000115,8.27e-05,0.000178,0.000859,0.000433,0.000604,0.000318,0.035592,0.02631,0.013875,0.01586,0.00826,0.004371,4.76e-05,5.53e-05,0.000101,0.000232,0.000774,0.000809,0.001043,0.000738,0.000422,0.00081,0.144962,0.106079,0.054935,0.04395,0.026871,0.009389,0.01381,0.010555,0.008049,0.003325,0.002788,0.003442,0.72806,1,0.820262,0.305789,0.220528,0.187,0.113,0.0934,3.47e-05,0.000122,0.000129,0.022437,0.030759,0.0206,0.0173,0.0092,0.0053,0.00206,0.149,0.269,0.186,0.0958,0.0818,0.055,0.0396,0.0178
"RB705",6.57e-06,3.94e-05,3.74e-05,8.56e-06,3.45e-05,6.02e-05,0.000636,0.000711,0.00052,0.000168,0.001755,0.023983,0.053275,0.042506,0.034878,0.024984,3.38e-05,0.000115,0.000145,0.000177,0.000417,0.000894,0.001214,0.000853,0.000534,0.000503,0.003989,0.060654,0.132634,0.073212,0.063812,0.030844,0.010605,0.014535,0.011226,0.004967,0.003213,0.001957,0.015776,0.135016,0.846749,1,0.491074,0.382911,0.35661,0.36465,7.1e-05,2.85e-05,2.41e-05,0.000308,0.002711,0.016969,0.036436,0.01209,0.010474,0.006239,0.00216,0.0312,0.171,0.222993,0.138,0.086,0.108,0.0545
"RB744",0.000128,-6.05e-05,-3.62e-05,-6.29e-05,-0.00019,0.000255,0.001389,0.001532,0.000666,0.000767,-0.00028,0.000913,0.017354,0.089057,0.06815,0.04671,8.89e-05,0.000471,0.000198,0.000248,0.001166,0.002109,0.003204,0.002805,0.001961,0.001188,0.000492,0.001915,0.036606,0.139221,0.113746,0.053597,0.022051,0.029625,0.024384,0.012177,0.008016,0.004528,0.002653,0.003694,0.030036,0.260534,0.709382,1,0.655859,0.720925,0.000412,-0.00013,-0.00012,-0.00015,7.04e-05,0.000323,0.005982,0.013013,0.010547,0.00601,3.87e-05,0.000168,0.002439,0.017049,0.058405,0.064477,0.056958,0.031143
"RB780",-3.53e-05,-3.09e-05,-3.7e-06,-7.08e-05,-1.94e-05,-3.04e-06,0.001337,0.001886,0.00152,0.000594,0.000191,0.000121,0.000452,0.010994,0.04841,0.050758,-3.1e-05,5.58e-05,2.88e-05,4.08e-06,0.000794,0.001934,0.003013,0.002398,0.001496,0.001313,0.000488,0.000286,0.00115,0.018823,0.095923,0.069048,0.02034,0.030459,0.027211,0.014318,0.009548,0.005929,0.003608,0.002702,0.003312,0.007746,0.042541,0.286823,0.734249,1,0.000171,0.000171,0.000143,0.000142,0.000125,6.78e-05,0.000347,0.002525,0.013598,0.014839,3.05e-05,3.86e-05,0.00015,0.00034,0.00241,0.013841,0.038696,0.024185
"RY586",9.32e-05,3.92e-05,5.25e-05,1.97e-05,7.68e-05,0.000205,0.000502,0.000564,0.04051,0.020389,0.006621,0.002363,0.001518,0.00128,0.000631,0.000321,3.58e-06,6.49e-05,9.01e-05,0.000122,0.00027,0.000274,0.000815,0.045749,0.050506,0.037895,0.012585,0.004478,0.002842,0.001733,0.000973,0.000385,0.000281,0.000342,0.000873,0.061106,0.080832,0.041312,0.021528,0.011934,0.008697,0.004147,0.002259,0.001612,0.001107,0.00112,0.960835,1,0.550078,0.275827,0.142626,0.089147,0.093525,0.035765,0.019694,0.009393,5.77e-05,7.8e-05,-2.17e-05,1.04e-06,5.57e-05,-1.49e-05,-1.56e-05,-1.49e-05
"RY655",0.000161,-5.57e-05,5.9e-05,-1.48e-05,0.000128,0.000187,0.000616,0.00035,0.000569,0.000434,0.005425,0.002035,0.002006,0.002043,0.000896,0.000759,0.000103,7.49e-05,0.000178,0.000178,0.000374,0.000479,0.000586,0.000506,0.000365,0.001083,0.025863,0.00954,0.008776,0.006363,0.003614,0.001719,0.000319,0.000337,0.000707,0.007173,0.004879,0.008648,0.250241,0.158006,0.108038,0.072254,0.051541,0.035097,0.022102,0.024615,0.055784,0.02563,0.038096,1,0.60155,0.350555,0.505671,0.24863,0.125437,0.071091,0.12395,0.107813,0.071409,0.06188,0.054427,0.029046,0.022874,0.013331
"RY743",0.000145,3.4e-05,0.000175,0.000166,0.000174,0.000279,0.000993,0.000598,0.000811,0.000385,0.00018,0.000148,0.002644,0.011263,0.007486,0.005207,0.000135,0.000128,0.000387,0.000349,0.000671,0.000959,0.001143,0.001007,0.000488,0.000589,0.000182,0.000191,0.003106,0.009759,0.007809,0.003636,0.000614,0.000686,0.001169,0.011008,0.007206,0.004689,0.002215,0.001886,0.008413,0.060722,0.143458,0.172527,0.116074,0.123933,0.085253,0.036777,0.026339,0.011522,0.009359,0.032389,0.498301,1,0.761924,0.409255,0.000222,0.000171,0.001757,0.010612,0.031563,0.03038,0.025008,0.014311
"RY775",-3.52e-05,6.52e-05,2.41e-05,8.79e-05,8.99e-05,0.000119,0.000342,0.000131,-0.00024,0.000244,-3.06e-07,-1.81e-05,0.00016,0.001607,0.004862,0.003424,-8.04e-07,9.78e-05,6.93e-05,0.000164,0.000214,0.000313,0.000242,0.000823,0.000473,0.000639,0.000267,0.00013,0.000305,0.003042,0.010901,0.005348,2.34e-05,9.25e-05,0.001257,0.026036,0.015013,0.010971,0.005195,0.003532,0.003269,0.003937,0.01931,0.103624,0.189257,0.176944,0.193026,0.086303,0.060033,0.026334,0.017278,0.013182,0.036466,0.273708,1,0.617615,0.000167,0.000156,0.000353,0.000464,0.002871,0.013241,0.027345,0.011983
"RR688",-8.64e-05,9.2e-05,3.27e-05,0.000121,-4.06e-05,0.000309,0.001365,0.000382,0.000906,0.000311,0.00596,0.017611,0.012097,0.012342,0.008619,0.004669,2.25e-05,0.000131,0.000132,0.000458,0.000897,0.001042,0.001236,0.001007,0.000486,0.000609,0.016569,0.048949,0.029342,0.021644,0.017375,0.005983,0.000807,0.00083,0.000921,0.000457,0.000433,0.000292,0.000903,0.003913,0.007862,0.002807,0.001584,0.002084,0.001368,0.001061,0.000307,0.000195,2e-04,0.017542,0.087985,0.143263,0.114166,0.052294,0.039913,0.015647,0.087765,0.641005,1,0.510434,0.346761,0.297059,0.254152,0.107388
"SBB615",0.000102,3.86e-05,-1.36e-05,-5.51e-05,3.21e-05,6.94e-05,0.00127,0.006112,0.079162,0.245861,0.071125,0.031671,0.015594,0.013448,0.007396,0.003918,1.87e-05,3.22e-05,0.000104,0.000191,0.002775,0.011761,0.041343,0.22083,0.52523,1,0.237559,0.097258,0.051338,0.034521,0.019576,0.007673,0.01583,0.045358,0.093483,0.218,0.582696,0.773284,0.280077,0.192069,0.137674,0.058539,0.032998,0.025521,0.014959,0.013984,0.04582,0.164007,0.266473,0.093468,0.064451,0.039055,0.030032,0.012041,0.006851,0.002998,0.000436,0.000479,0.000436,0.000244,0.000101,9.61e-05,0.000136,-2.71e-05
"SBUV445",0.00639,0.0639,0.34,0.537,0.691,1,0.857,0.303,0.132252,0.035926,0.0071,0.00312,0.002321,0.002567,0.002126,0.001619,0.0773,0.249,0.256,0.188,0.116,0.0696,0.0604,0.020433,0.011676,0.008898,0.002509,0.000982,0.001009,0.000503,0.000394,5.63e-06,0.003451,0.003576,0.003672,0.002533,0.002209,0.001314,0.000715,0.000325,0.000738,0.000372,-0.00012,8.56e-05,-0.00016,-0.00025,0.00056,0.000443,0.000665,0.000802,0.000296,0.000444,0.000704,0.000163,-1.89e-05,-9.44e-05,0.000101,0.000237,5.37e-05,0.00022,0.000144,0.000181,0.000255,-0.00013
"SBUV510",0.00705,0.018265,0.00735,0.008047,0.016663,0.043767,1,0.541143,0.208866,0.047563,0.010414,0.004727,0.003801,0.004866,0.004787,0.003891,0.000382,0.00254,0.00665,0.010416,0.128292,0.210623,0.157095,0.048773,0.025399,0.01972,0.005182,0.002403,0.001994,0.002084,0.00197,0.00117,0.198651,0.18216,0.08682,0.0196,0.010774,0.005851,0.002466,0.001522,0.001466,0.000919,0.000682,0.000754,0.000722,0.00099,0.00401,0.001873,0.001308,0.000839,0.000664,0.00046,0.000598,0.000279,0.000285,0.000217,0.000177,0.000198,0.000193,0.000249,0.000198,0.000307,0.000215,0.000168
"SBUV540",0.000225,0.000404,0.000517,0.000798,0.001449,0.002947,0.093441,0.848759,0.191346,0.004207,0.002495,0.002067,0.002597,0.004285,0.00469,0.005047,0.000607,0.002736,0.004528,0.004959,0.024676,0.15808,1,0.10326,0.014047,0.005859,0.004115,0.002953,0.003748,0.00456,0.004975,0.003796,0.026388,0.084898,0.360283,0.038271,0.005078,0.001338,0.001586,0.001442,0.001854,0.00146,0.001296,0.001521,0.00162,0.002577,0.026234,0.002701,0.000682,0.000632,0.000607,0.000689,0.001108,0.000802,0.000932,0.000738,7.29e-05,0.000158,0.000166,0.000179,0.000151,0.000189,0.000134,0.000107
"SBUV700",0.0173,0.0542,0.0208,0.0143,0.01293,0.012543,0.00813,0.003679,0.003543,0.006792,0.128729,0.777995,1,0.782628,0.652663,0.453022,0.000162,0.000342,0.000306,0.000154,0.000297,0.000273,0.000351,0.000312,0.000332,0.000908,0.042207,0.320064,0.45631,0.270555,0.232116,0.112946,9.13e-05,6.46e-05,0.000135,9.94e-05,0.00012,0.000204,0.003031,0.019812,0.071547,0.063488,0.033275,0.025962,0.022873,0.024544,0.000378,0.000484,0.001243,0.007768,0.048955,0.172293,0.272264,0.098443,0.082228,0.049714,0.013339,0.127968,0.395185,0.374339,0.234373,0.150023,0.183606,0.093127
"SBUV770",0.0129,0.0385,0.0149,0.0103,0.00911,0.00863,0.00491,0.00181,0.001754,0.001073,0.003196,0.006759,0.084689,0.727732,1,0.708312,0.000233,0.000758,0.000752,0.000665,0.000913,0.000752,0.001097,0.00069,0.000337,0.000308,0.000307,0.001204,0.021716,0.149511,0.249078,0.12173,0.000559,0.000519,0.000646,0.00046,0.000449,0.000444,0.000285,0.000389,0.001511,0.010673,0.040445,0.105082,0.117244,0.122609,0.00059,0.000233,0.000255,0.000458,0.00052,0.001273,0.020946,0.090744,0.163299,0.099086,0.000588,0.001058,0.002868,0.014287,0.074463,0.170181,0.24036,0.122676
"SBV440",0.000236,0.00072,0.044568,0.156996,0.094868,0.193309,0.117456,0.038598,0.01514,0.00472,0.00264,0.000908,0.000775,0.000647,0.000494,0.000522,0.221303,1,0.510672,0.39419,0.218777,0.082097,0.093604,0.025907,0.014576,0.009873,0.004348,0.001756,0.001087,0.000484,0.000357,-5.82e-05,0.000219,1.87e-05,0.000502,0.000707,0.000433,0.000438,0.00071,0.000317,0.000182,0.000206,8.45e-05,-4.72e-05,0.000156,2.3e-05,0.000474,0.000388,0.000494,0.000588,0.000742,0.00038,0.000344,0.000242,-0.00024,1.35e-05,0.000343,0.000364,0.000283,0.000285,6.38e-05,0.000207,4.65e-05,-0.00013
"SBV515",-6.59e-06,5.42e-05,0.000215,0.00163,0.00452,0.0117,0.464375,0.264403,0.111751,0.025122,0.004766,0.00188,0.00121,0.00116,0.000794,0.000579,0.00621,0.0598,0.115,0.128,0.659783,1,0.717098,0.234024,0.122553,0.093517,0.019978,0.00755,0.00507,0.00363,0.00255,0.00129,0.113274,0.10919,0.049949,0.012583,0.006868,0.003466,0.001066,0.000591,0.00042,0.00019,0.000183,0.000144,8.15e-05,2.16e-05,0.00107,0.000622,0.000394,0.000159,6.78e-05,4.2e-05,4.71e-06,-2.38e-05,-3.7e-06,4.8e-05,3.11e-05,5.99e-06,1.23e-05,-2.12e-05,1.85e-05,4.55e-06,-2.72e-08,-8.36e-06
"SBV535",7e-05,1.66e-05,0.000432,0.003254,0.007943,0.013293,0.039348,0.36649,0.177671,0.038712,0.007275,0.00267,0.001625,0.001351,0.000832,0.000552,0.010019,0.101394,0.173902,0.138736,0.107261,0.188632,1,0.332344,0.177552,0.112138,0.023715,0.008266,0.005344,0.003505,0.002424,0.001244,0.000624,0.012757,0.053443,0.012537,0.007609,0.003344,0.001147,0.000594,0.000454,0.000194,0.000101,7.7e-05,4.69e-05,7.97e-05,0.002366,0.001191,0.000624,0.000201,0.000119,6.51e-05,7.44e-05,2e-05,4.22e-05,1.24e-07,8.92e-06,1.08e-05,1.49e-05,5.3e-07,6.12e-06,-2.06e-07,7.51e-06,-4.39e-06
"SBV570",0.000111,2.71e-05,4.29e-05,0.000306,0.000642,0.00196,0.034572,0.13694,0.489485,0.146867,0.038974,0.016976,0.010823,0.009253,0.006053,0.003804,0.002245,0.014824,0.020869,0.026762,0.120525,0.158728,0.41004,1,0.561221,0.486414,0.127778,0.052002,0.034046,0.022447,0.014752,0.006667,0.008774,0.011091,0.038884,0.102034,0.064221,0.039502,0.016446,0.010156,0.00832,0.004107,0.002226,0.001812,0.001242,0.001251,0.106154,0.054825,0.032062,0.013456,0.007865,0.005533,0.005313,0.002171,0.001525,0.000806,9.84e-05,6.98e-05,8.88e-05,0.000101,1.01e-06,3.63e-05,3.87e-05,2.31e-05
"Spark Blue 574",0.000174,0.000444,0.000808,0.001149,0.001624,0.002782,0.006225,0.029015,0.092482,0.043274,0.01321,0.005757,0.003698,0.0034,0.002089,0.001376,0.000546,0.001994,0.0029,0.003456,0.005435,0.00832,0.039187,0.116241,0.089301,0.088121,0.026386,0.010537,0.007165,0.004882,0.003146,0.001457,0.013928,0.086339,0.476012,1,0.877021,0.62968,0.287327,0.177116,0.143232,0.072188,0.039597,0.030876,0.020955,0.020902,0.070378,0.052027,0.036756,0.017702,0.010502,0.007194,0.007257,0.002999,0.002028,0.001178,0.000119,0.000205,0.000244,0.000292,0.000288,0.00018,0.000288,0.00018
"Spark NIR 685",-2.8e-05,0.000195,-8.45e-06,-0.00013,0.000144,0.000141,0.000527,0.000303,-4.81e-05,0.000168,0.005941,0.017568,0.011825,0.012115,0.008936,0.004719,0.000253,0.000379,0.000617,0.000621,0.000759,0.000586,0.00093,0.000762,0.000546,0.000566,0.018515,0.056888,0.035314,0.027174,0.021036,0.007646,0.000241,0.000211,0.000342,0.000318,0.000321,0.000217,0.00124,0.005038,0.00862,0.003438,0.002054,0.002086,0.001407,0.001236,0.000458,0.000389,0.000284,0.019525,0.089476,0.149327,0.115126,0.052671,0.041509,0.017967,0.104514,0.626587,1,0.537408,0.353835,0.300822,0.278833,0.116461
"Spark UV 387",0.749083,1,0.22513,0.131098,0.109754,0.098756,0.065334,0.033024,0.028794,0.012609,0.005084,0.002986,0.002546,0.002443,0.002669,0.001449,0.002918,0.009679,0.013756,0.017292,0.026177,0.024869,0.03494,0.027675,0.02126,0.022339,0.012399,0.006531,0.006562,0.006316,0.004771,0.002327,0.012701,0.013398,0.016662,0.012489,0.010436,0.009081,0.005858,0.004506,0.003739,0.002228,0.00174,0.001257,0.001772,0.001658,0.003231,0.003154,0.0027,0.004549,0.002363,0.002482,0.002786,0.0019,0.0017,0.000663,0.001131,0.001751,0.001009,0.001722,0.001173,0.000611,0.000997,-0.00012
"Spark YG 570",0.000649,0.001414,0.001954,0.002355,0.003535,0.006596,0.016212,0.017522,0.04274,0.016168,0.009947,0.00687,0.007085,0.008726,0.008225,0.007071,0.002565,0.009406,0.016516,0.021035,0.036842,0.037617,0.06026,0.08163,0.057296,0.065522,0.042049,0.029208,0.031877,0.03131,0.031625,0.018569,0.017742,0.022898,0.051646,0.156165,0.093446,0.06716,0.040704,0.030114,0.030088,0.019662,0.014185,0.014116,0.01236,0.016405,1,0.420497,0.257219,0.103589,0.063233,0.050367,0.056518,0.026577,0.022119,0.014122,0.004134,0.00683,0.008898,0.009255,0.009582,0.008678,0.010889,0.006895
"Spark YG 593",0.000215,0.000557,0.00039,5.17e-05,0.00032,0.000531,0.000606,0.000578,0.019307,0.024902,0.014049,0.006898,0.006026,0.005767,0.004028,0.00299,0.000518,0.001676,0.002105,0.002096,0.002309,0.002048,0.002375,0.01335,0.024633,0.024511,0.013903,0.006551,0.005685,0.004209,0.003193,0.001565,7.37e-05,0.000292,0.000771,0.063008,0.153678,0.113261,0.099225,0.063018,0.058837,0.03658,0.021979,0.017902,0.013688,0.015512,0.442945,1,0.730507,0.618874,0.381511,0.300141,0.360251,0.155561,0.114372,0.07059,0.001163,0.003322,0.006175,0.00444,0.002697,0.002257,0.00246,0.001087
"Super Bright 436",0.000261,0.000497,0.060965,0.071185,0.070282,0.091249,0.067858,0.024778,0.014082,0.004981,0.002294,0.001884,0.001489,0.001943,0.001627,0.001398,0.590648,1,0.771463,0.416786,0.229701,0.114408,0.110571,0.037696,0.023174,0.018044,0.007498,0.004443,0.004397,0.004511,0.003994,0.002727,0.004046,0.004459,0.005498,0.004891,0.00424,0.003568,0.003407,0.002143,0.002393,0.002074,0.00168,0.001608,0.001292,0.001921,0.001924,0.001657,0.001834,0.002732,0.001917,0.002488,0.002677,0.00159,0.002081,0.001327,0.000801,0.000905,0.001217,0.001134,0.001445,0.001009,0.001275,0.001208
"Super Bright 780",0.000773,0.000674,0.001507,0.001257,0.001384,0.001789,0.001676,0.001179,0.002557,0.000294,0.000288,0.000163,0.001117,0.035257,0.160976,0.132692,0.023816,0.038425,0.030108,0.015945,0.009549,0.0054,0.006246,0.003127,0.002371,0.002934,0.002116,0.001837,0.00996,0.19849,1,0.535249,0.000736,0.001035,0.001362,0.001189,0.001155,0.001116,0.000876,0.000646,0.000104,0.00062,0.001689,0.009577,0.024463,0.02732,0.000364,0.000382,0.000249,0.000653,0.000149,0.000202,0.000919,0.004765,0.024638,0.019145,0.000399,0.000269,0.00043,0.000719,0.004738,0.031746,0.093245,0.049702
"ViaKrome 808",0.00222,0.001701,0.002505,0.003462,0.006189,0.01428,0.039922,0.031242,0.030118,0.014524,0.007807,0.006768,0.025061,0.065485,0.045548,0.056786,0.002231,0.012024,0.027445,0.045743,0.0869,0.082,0.112109,0.086528,0.064161,0.070202,0.036354,0.034024,0.151243,0.309248,0.237128,0.188254,0.023725,0.032191,0.053069,0.052069,0.048594,0.042518,0.033412,0.024645,0.029789,0.045733,0.065936,0.070987,0.051828,0.108112,0.068827,0.073631,0.08222,0.084667,0.062545,0.064144,0.172925,0.163863,0.120053,0.098073,0.017474,0.04967,0.163357,0.492659,1,0.788338,0.763625,0.589999
"PE-Cy7",2.37e-05,7.56e-06,-2.08e-05,-1.95e-05,3.55e-06,-7.67e-06,-2.57e-05,8.7e-05,0.001253,0.000325,2.38e-05,-8.93e-06,0.000232,0.010074,0.040745,0.030181,-1.85e-06,9.19e-09,-2.28e-05,-4.24e-05,-5.85e-05,-8.75e-05,9.66e-05,0.004496,0.00186,0.00153,0.000369,0.000164,0.001217,0.031714,0.14812,0.073385,0.001304,0.000625,0.00233,0.022666,0.010938,0.006521,0.002574,0.001712,0.001726,0.004172,0.031341,0.234394,0.534555,0.514064,0.044939,0.017276,0.009873,0.003846,0.002475,0.002143,0.01482,0.203985,1,0.636828,2.42e-05,5.46e-05,3.86e-05,0.000246,0.003332,0.025544,0.070098,0.033941
"SBY720",0.000113,0.000152,-0.00023,-2e-04,-0.00011,-0.00065,-0.00076,-0.00051,-0.00021,0.002976,0.019917,0.04542,0.156095,0.14388,0.093752,0.088673,-3e-04,-5e-04,-0.00084,-0.00099,-0.00157,-0.00172,-0.00217,-0.00131,0.000309,0.009643,0.049354,0.091268,0.276628,0.186063,0.129065,0.082413,-0.00068,-0.00053,-0.00077,-7.22e-05,0.001104,0.007552,0.050536,0.050998,0.167857,0.286864,0.182495,0.119242,0.099364,0.13542,0.002907,0.005342,0.02166,0.134521,0.123125,0.316591,1,0.407284,0.277193,0.215211,0.012863,0.023494,0.084254,0.161421,0.136992,0.069548,0.079632,0.053032
"eFluor 780",-1.58e-05,0.000171,0.000236,6.84e-05,0.000262,0.000456,0.001604,0.001444,0.001996,0.001366,0.001032,0.000724,0.001073,0.016276,0.079276,0.078756,0.000353,0.001212,0.002012,0.002806,0.004658,0.004433,0.006788,0.006609,0.005179,0.00648,0.004942,0.004207,0.004863,0.040475,0.249055,0.176083,0.003968,0.003704,0.004556,0.004371,0.00455,0.004038,0.0035,0.002735,0.00299,0.002004,0.002043,0.006909,0.019429,0.028173,0.004482,0.005964,0.006327,0.005966,0.005293,0.004717,0.006644,0.019842,0.109234,0.092072,0.004945,0.012887,0.01357,0.010568,0.037312,0.291412,1,0.619024
"DyLight 680",-2.22e-05,4.38e-05,-1.4e-05,-2.52e-06,-0.00011,-1e-04,2e-04,0.000358,0.000237,0.000157,0.003064,0.029868,0.066467,0.05849,0.042169,0.029085,0.00013,-0.00022,-0.00019,-2e-04,1.57e-05,0.00032,0.000929,0.00033,7.83e-05,0.000242,0.002803,0.021709,0.044535,0.029224,0.022686,0.010448,0.002442,0.004084,0.005249,0.002869,0.001835,0.000949,0.005901,0.034682,0.188149,0.233201,0.131809,0.102925,0.084867,0.086217,0.000615,0.000167,0.000275,0.006004,0.022611,0.084161,0.173183,0.070218,0.054159,0.030862,0.037403,0.220175,0.800597,1,0.712227,0.454653,0.501045,0.251095
"mFluor Vio610",1.66e-05,1.62e-06,-1.93e-05,2.96e-05,4.75e-05,1.72e-05,2.2e-05,-3.26e-05,0.003166,0.046635,0.021475,0.011996,0.0071,0.005964,0.003801,0.0022,0.000522,0.002775,0.003327,0.001968,0.000969,0.000488,0.00041,0.023437,0.22151,1,0.349948,0.188447,0.113697,0.072732,0.049142,0.01901,3.05e-05,-6.8e-06,-3.6e-05,0.000908,0.011319,0.036485,0.018495,0.013998,0.012789,0.005739,0.002997,0.002528,0.001655,0.001465,0.013335,0.162134,0.549361,0.287224,0.210107,0.161073,0.141511,0.054629,0.036937,0.017302,0.008183,0.01011,0.00901,0.005423,0.003325,0.002177,0.002061,0.000867
"CF405M",-5.51e-06,3.01e-05,0.001774,0.008661,0.016523,0.02118,0.015762,0.005238,0.00208,0.000534,5.07e-05,-1.3e-06,-1.86e-05,-1.66e-06,-4.33e-05,-4.97e-05,0.093795,0.681499,1,0.610798,0.31647,0.173069,0.140729,0.040463,0.020413,0.014877,0.002998,0.001059,0.00064,0.000378,0.00025,6.96e-05,0.000232,9.51e-05,2.35e-05,-8.01e-05,-1e-04,-7.74e-05,-1e-04,-1e-04,-0.00013,-1e-04,-8.83e-05,-4.91e-05,-3.69e-05,-5.18e-05,-6.24e-05,-3.26e-05,-4.68e-05,-9.51e-05,-7.29e-05,-3.1e-05,-3.01e-05,-6.31e-05,-1.8e-06,-7.53e-05,-6.54e-05,-5.3e-05,-9.46e-05,-3.2e-05,-4.72e-05,-3.66e-05,-4.71e-05,-5.1e-05
"CF488A",-5.21e-06,-1.39e-05,-2.3e-05,-2.1e-05,-1.84e-05,2.04e-05,0.014811,0.008673,0.003534,7e-04,0.000104,2.17e-05,6.65e-06,3.08e-05,-1.71e-05,-1.64e-05,-1.58e-05,-1.97e-05,-3.24e-05,-2.72e-05,0.005538,0.007029,0.006006,0.001836,0.000874,0.000683,0.000104,3.27e-05,-8.68e-06,-4.01e-05,-3.61e-05,1.38e-05,1,0.775717,0.424793,0.099645,0.050701,0.025474,0.007132,0.004034,0.003092,0.001379,0.000679,0.000527,0.000316,0.000297,1.43e-05,1.49e-06,1.84e-05,-2.46e-06,-3.13e-05,-3.3e-05,-1.76e-05,-5.82e-05,-1.65e-05,-4.02e-06,-1.71e-05,1.73e-06,-2.12e-05,-1.32e-05,-1.44e-05,-1e-05,-2.29e-05,-1.47e-05
"V450",0.000163,0.000589,0.00211,0.014178,0.021533,0.025864,0.023664,0.008493,0.003755,0.001062,0.000139,-8.87e-05,-0.00015,0.000312,-1.01e-05,0.000168,0.120313,0.774558,1,0.619192,0.300195,0.161452,0.133452,0.043714,0.020882,0.015036,0.00339,0.00135,0.000574,0.000967,0.000361,3.11e-05,0.001278,0.000988,0.001114,0.000651,0.000481,0.000294,-0.00039,-3.04e-05,-1.19e-05,7.89e-06,0.000353,-0.00028,2.01e-05,-0.00076,7.27e-05,0.000557,0.000115,-0.00023,0.000134,-0.00018,0.000195,9.34e-05,-0.00016,1.91e-05,0.000113,6.18e-05,-4.2e-05,0.000179,0.000186,-0.00038,-0.00017,-0.00017
"V500",0.000269,0.001355,0.000579,0.001599,0.00388,0.01568,0.083982,0.059397,0.036097,0.010051,0.003178,0.001463,0.000509,0.001071,-0.00063,0.000593,0.001556,0.008759,0.059975,0.255254,0.899016,0.824501,1,0.525662,0.290119,0.235976,0.062074,0.025345,0.016284,0.010298,0.006825,0.002915,0.035578,0.030259,0.027409,0.010456,0.008879,0.005104,0.002204,0.001919,0.000589,0.001036,0.00091,0.000848,-0.00052,0.000304,0.00118,0.000462,0.000886,0.000261,0.000622,0.000546,-0.00052,-0.00068,0.001011,0.000663,-0.00018,0.000362,-0.00039,0.000611,0.000196,-0.00017,0.000526,-0.00011
"FITC",0.000303,0.000147,-0.00012,0.000639,0.000483,0.000824,0.028767,0.025966,0.013396,0.002775,0.000632,0.000213,-0.00023,-0.00025,0.000269,-3.98e-05,0.000784,0.000562,0.000564,0.000621,0.02554,0.041078,0.043287,0.020096,0.009794,0.007108,0.001884,0.000383,0.000626,-0.00026,0.000419,6.5e-07,0.873193,1,0.707738,0.204426,0.124993,0.059971,0.019978,0.011548,0.009141,0.004066,0.001699,0.001931,0.001066,0.001042,0.000194,0.000127,-0.00043,-0.00027,0.000493,0.000292,6.36e-05,-0.00048,6.63e-05,-7.92e-05,0.000154,0.000154,8.93e-05,0.000164,6e-05,-0.00029,4.96e-05,-8.88e-05
